benchmark_types,cost_ci_1,cost_ci_10,cost_f_10,cost_f_100,cost_hmin_1,cost_hmin_100,initial_servers_10,initial_servers_5,n_sku_10,n_sku_20,util_rate_65,util_rate_80,work_load_relation_HPB,work_load_relation_IND
CIE_SA_MSSA,-675.4729454205926,-337.3097519748362,-591.0416945590201,-421.7410028364086,-551.4144411661903,-461.36825622923845,-736.3015838362916,-276.4811135591372,-315.43954847721204,-697.3431489182167,-584.3293228587711,-428.45337453665763,-417.86661759277615,-594.9160798026527
CIE_SA_MSSA_Adaptive,-157.68070482060287,19.815649597344482,-85.87462197341378,-51.99043324984461,-77.20320897672796,-60.66184624653043,-119.13080316375499,-18.7342520595034,-40.21169710980432,-97.65335811345406,-63.62686800975868,-74.23818721349971,-54.7843416187293,-83.08071360452908
CIE_SA_MSSA_Inner,-267.48428004118927,37.65926179671783,-204.4889310303418,-25.336087214129616,-98.43223165669215,-131.39278658777928,-255.99220090309151,26.16718265862007,-25.58479038223632,-204.24022786223514,-112.8199019012385,-117.00511634323291,-55.36653719060263,-174.45848105386884
MSSA_Inner_MSSA_Adaptive,-86.87569403777823,-66.85433132924132,-66.2533375074963,-87.47668785952325,-86.56987151635292,-67.16015385066663,-65.50606589385504,-88.22395947316451,-106.18151440872481,-47.548510958294756,-92.9696096214111,-60.76041574560847,-70.63414442434829,-83.09588094267127
MSSA_MSSA_Adaptive,55.27599313832559,51.379138156892736,41.50510448942109,65.15002680579724,63.1412946717858,43.51383662343252,46.19840698138168,60.456724313836645,40.65240584374069,66.00272545147763,62.60788180277493,44.047249492443385,65.6849833555903,40.97014793962802
MSSA_MSSA_Inner,62.84398773609725,36.24044172815894,22.097697432459398,76.9867320317968,73.15363822974994,25.93079123450623,22.599440133750814,76.48498933050539,30.66949690533974,68.41493255891643,75.32544551286564,23.75898395139053,74.30201864876511,24.782410815491083
