benchmark_types,cost_ci_1,cost_ci_10,cost_f_10,cost_f_100,cost_hmin_1,cost_hmin_100,initial_servers_10,initial_servers_5,n_sku_10,n_sku_20,util_rate_65,util_rate_80,work_load_relation_HPB,work_load_relation_IND
CIE_SA_MSSA,2.724020082111565,1.696591491064549,2.487325215960528,1.9332863572155858,1.6959953358690767,2.7246162373070373,1.5636531786923094,2.856958394483804,1.2157863296524931,3.2048252435236204,1.9241488845804449,2.4964626885956687,1.9328292770468287,2.487782296129285
CIE_SA_MSSA_Adaptive,1.5051127032863014,-1.362828717207861,0.05275532921775811,0.08952865686068234,0.425156836115522,-0.2828728500370816,-0.9556076511062895,1.0978916371847298,-0.7638242910448579,0.9061082771232982,0.809230178020726,-0.6669461919422858,0.349876038097267,-0.20759205201882647
CIE_SA_MSSA_Inner,2.455072744439873,0.523872040010132,1.2162681912687283,1.762676593181277,1.4271217779288867,1.551823006521118,0.25108675358346444,2.7278580308665408,0.2624227282515902,2.7165220561984147,1.8218924178102869,1.1570523666397179,1.5253871611143954,1.4535576233356093
MSSA_Inner_MSSA_Adaptive,-0.982527983196338,-1.937991225490187,-1.1846741620590382,-1.7358450466274866,-1.025867054739144,-1.894652153947381,-1.2323465700420146,-1.6881726386445102,-1.0355835446885067,-1.8849356639980184,-1.0680515656349143,-1.8524676430516107,-1.2192226929001846,-1.7012965157863404
MSSA_MSSA_Adaptive,-1.2671820617050866,-4.021592778720471,-3.3713639607453283,-1.917410879680229,-1.3078799508877272,-3.980894889537831,-3.4615561620019593,-1.8272186784235986,-2.9127195036121667,-2.376055336813391,-1.1600890132394288,-4.128685827186129,-1.6412374248573085,-3.647537415568249
MSSA_MSSA_Inner,-0.29196660933362184,-2.133069784429117,-2.202769906456749,-0.22226648730598947,-0.2892614247944119,-2.135774968968327,-2.2491792917999085,-0.1758571019628301,-1.8972830943563872,-0.5277532994063519,-0.13940669298938813,-2.285629700773351,-0.44580510291868014,-1.9792312908440588
