benchmark_types,cost_ci_1,cost_ci_10,cost_f_10,cost_f_100,cost_hmin_1,cost_hmin_100,initial_servers_10,initial_servers_5,n_sku_10,n_sku_20,util_rate_65,util_rate_80,work_load_relation_HPB,work_load_relation_IND
CIE_SA_Dedicated,-107.738042639114,-78.9398918750427,-69.834161085007,-116.84377342915,-95.1762182870824,-91.5017162270742,-62.7179041207052,-123.960030393451,-58.7485921770904,-127.929342337066,-102.796521323437,-83.8814131907193,-96.5546094074768,-90.1233251066798
CIE_SA_Flexible,-5.87877743763685,-68.7099130836518,-31.4433219847152,-43.1453685365735,-36.9275886255093,-37.6611018957793,-42.4626678844154,-32.1260226368733,-31.0877733981565,-43.5009171231322,-34.4513394584447,-40.137351062844,-38.8878770766206,-35.7008134446681
MSSA_Adaptive_Dedicated,-112.615792485011,-77.3412331337607,-70.9176699687946,-119.039355649977,-97.3376557490823,-92.6193698696892,-61.3289045845456,-128.628121034226,-57.5629162561901,-132.394109362581,-106.505324815851,-83.4517008029203,-98.8341832434103,-91.1228423753612
MSSA_Adaptive_Flexible,-7.49839913360358,-66.5374263175411,-30.9723824168346,-43.0634430343101,-37.132446177986,-36.9033792731587,-40.7797154317184,-33.2561100194263,-30.003700926478,-44.0321245246667,-35.2353467434047,-38.80047870774,-39.0141220056339,-35.0217034455108
MSSA_Dedicated,-115.488118749192,-83.2725818126378,-75.5549806645799,-123.205719897249,-99.7550597909867,-99.0056407708426,-66.223762884153,-132.536937677676,-61.4058749802937,-137.354825581536,-108.791898735412,-89.9688018264169,-102.044413964308,-96.7162865975216
MSSA_Flexible,-8.84252463605365,-73.4424163172036,-36.4221934601014,-45.8627474931559,-39.0537932587045,-43.2311476945527,-46.4895927519789,-35.7953482012783,-34.6102809693319,-47.6746599839254,-36.9192163938249,-45.3657245594323,-41.555477713371,-40.7294632398862
MSSA_Inner_Dedicated,-114.789729665485,-80.7739801518877,-72.8624184737714,-122.701291343601,-99.340328790298,-96.2233810270748,-63.3587742104066,-132.204935606966,-59.1625803543463,-136.401129463027,-108.719816679896,-86.8438931374772,-101.254009893988,-94.3096999233845
MSSA_Inner_Flexible,-8.53818227882542,-69.7153706032452,-32.7073132211231,-45.5462396609475,-38.6704243366405,-39.58312854543,-42.6459501904491,-35.6076026916214,-31.4048749335931,-46.8486779484775,-36.7606429186257,-41.4929099634449,-40.8608752204116,-37.392677661659
